,classification
0,Positive
1,Positive
2,Positive
3,Positive
4,Positive
5,Positive
6,Positive
7,Positive
8,Negative
9,Positive
10,Positive
11,Positive
12,Positive
13,Positive
14,Positive
15,Positive
16,Positive
17,Positive
18,Positive
19,Positive
20,Positive
21,Positive
22,Positive
23,Positive
24,Positive
25,Negative
26,Positive
27,Positive
28,Positive
29,Positive
30,Positive
31,Positive
32,Negative
33,Positive
34,Positive
35,Positive
36,Negative
37,Positive
38,Positive
39,Positive
40,Positive
41,Positive
42,Positive
43,Positive
44,Positive
45,Positive
46,Positive
47,Negative
48,Positive
49,Positive
50,Positive
51,Positive
52,Positive
53,Positive
54,Positive
55,Positive
56,Positive
57,Positive
58,Positive
59,Positive
60,Positive
61,Positive
62,Positive
63,Positive
64,Positive
65,Positive
66,Positive
67,Positive
68,Positive
69,Positive
70,Positive
71,Positive
72,Positive
73,Positive
74,Positive
75,Positive
76,Positive
77,Positive
78,Positive
79,Negative
80,Positive
81,Positive
82,Positive
83,Positive
84,Positive
85,Positive
86,Positive
87,Positive
88,Positive
89,Negative
90,Positive
91,Positive
92,Positive
93,Positive
94,Negative
95,Positive
96,Positive
97,Positive
98,Positive
99,Positive
100,Positive
101,Positive
102,Positive
103,Positive
104,Positive
105,Positive
106,Positive
107,Positive
108,Positive
109,Positive
110,Positive
111,Positive
112,Positive
113,Positive
114,Negative
115,Positive
116,Positive
117,Positive
118,Positive
119,Positive
120,Positive
121,Positive
122,Negative
123,Positive
124,Positive
125,Positive
126,Positive
127,Positive
128,Positive
129,Positive
130,Positive
131,Positive
132,Positive
133,Positive
134,Positive
135,Positive
136,Positive
137,Positive
138,Positive
139,Positive
140,Positive
141,Positive
142,Positive
143,Positive
144,Positive
145,Positive
146,Positive
147,Positive
148,Positive
149,Positive
150,Positive
151,Positive
152,Positive
153,Positive
154,Positive
155,Positive
156,Positive
157,Positive
158,Positive
159,Positive
160,Positive
161,Positive
162,Positive
163,Negative
164,Positive
165,Negative
166,Positive
167,Positive
168,Positive
169,Positive
170,Positive
171,Positive
172,Positive
173,Positive
174,Positive
175,Positive
176,Positive
177,Positive
178,Positive
179,Positive
180,Positive
181,Positive
182,Negative
183,Positive
184,Positive
185,Positive
186,Negative
187,Positive
188,Positive
189,Positive
190,Positive
191,Positive
192,Positive
193,Positive
194,Positive
195,Positive
196,Positive
197,Positive
198,Positive
199,Positive
200,Positive
201,Positive
202,Positive
203,Positive
204,Negative
205,Positive
206,Negative
207,Positive
208,Positive
209,Positive
210,Negative
211,Positive
212,Positive
213,Positive
214,Positive
215,Positive
216,Positive
217,Positive
218,Positive
219,Negative
220,Positive
221,Positive
222,Positive
223,Positive
224,Positive
225,Positive
226,Positive
227,Positive
228,Positive
229,Positive
230,Positive
231,Positive
232,Positive
233,Positive
234,Positive
235,Positive
236,Positive
237,Positive
238,Positive
239,Positive
240,Positive
241,Positive
242,Positive
243,Positive
244,Positive
245,Positive
246,Negative
247,Positive
248,Positive
249,Positive
250,Positive
251,Positive
252,Positive
253,Positive
254,Positive
255,Positive
256,Positive
257,Positive
258,Positive
259,Positive
260,Positive
261,Positive
262,Negative
263,Positive
264,Positive
265,Positive
266,Positive
267,Positive
268,Positive
269,Positive
270,Positive
271,Positive
272,Positive
273,Positive
274,Positive
275,Positive
276,Positive
277,Positive
278,Positive
279,Positive
280,Positive
281,Positive
282,Positive
283,Positive
284,Positive
285,Positive
286,Positive
287,Positive
288,Negative
289,Positive
290,Positive
291,Positive
292,Positive
293,Positive
294,Positive
295,Positive
296,Positive
297,Negative
298,Positive
299,Positive
300,Positive
301,Positive
302,Positive
303,Negative
304,Positive
305,Positive
306,Positive
307,Positive
308,Positive
309,Positive
310,Positive
311,Positive
312,Positive
313,Positive
314,Positive
315,Positive
316,Positive
317,Positive
318,Positive
319,Negative
320,Negative
321,Positive
322,Positive
323,Positive
324,Negative
325,Positive
326,Positive
327,Positive
328,Positive
329,Positive
330,Positive
331,Positive
332,Positive
333,Positive
334,Positive
335,Positive
336,Positive
337,Positive
338,Positive
339,Positive
340,Positive
341,Negative
342,Positive
343,Positive
344,Positive
345,Negative
346,Positive
347,Negative
348,Positive
349,Positive
350,Positive
351,Negative
352,Positive
353,Positive
354,Positive
355,Negative
356,Positive
357,Positive
358,Positive
359,Positive
360,Positive
361,Positive
362,Positive
363,Positive
364,Positive
365,Positive
366,Positive
367,Positive
368,Positive
369,Positive
370,Positive
371,Positive
372,Positive
373,Positive
374,Positive
375,Positive
376,Positive
377,Positive
378,Positive
379,Positive
380,Positive
381,Positive
382,Positive
383,Positive
384,Positive
385,Positive
386,Positive
387,Positive
388,Positive
389,Positive
390,Positive
391,Positive
392,Positive
393,Positive
394,Positive
395,Positive
396,Positive
397,Positive
398,Positive
399,Positive
400,Positive
401,Positive
402,Positive
403,Positive
404,Positive
405,Positive
406,Negative
407,Positive
408,Positive
409,Positive
410,Positive
411,Positive
412,Positive
413,Positive
414,Negative
415,Positive
416,Positive
417,Positive
418,Negative
419,Positive
420,Positive
421,Positive
422,Positive
423,Positive
424,Positive
425,Positive
426,Positive
427,Positive
428,Positive
429,Positive
430,Negative
431,Positive
432,Positive
433,Positive
434,Positive
435,Positive
436,Positive
437,Positive
438,Positive
439,Positive
440,Positive
441,Positive
442,Positive
443,Positive
444,Positive
445,Positive
446,Positive
447,Positive
448,Positive
449,Positive
450,Positive
451,Positive
452,Positive
453,Positive
454,Positive
455,Positive
456,Positive
457,Positive
458,Positive
459,Positive
460,Positive
461,Positive
462,Positive
463,Positive
464,Positive
465,Positive
466,Positive
467,Positive
468,Positive
469,Positive
470,Positive
471,Positive
472,Positive
473,Positive
474,Positive
475,Positive
476,Positive
477,Positive
478,Positive
479,Positive
480,Positive
481,Positive
482,Positive
483,Positive
484,Positive
485,Positive
486,Positive
487,Positive
488,Positive
489,Positive
490,Positive
491,Positive
492,Positive
493,Positive
494,Negative
495,Positive
496,Positive
497,Positive
498,Positive
499,Positive
500,Positive
501,Positive
502,Positive
503,Negative
504,Positive
505,Positive
506,Positive
507,Positive
508,Positive
509,Positive
510,Positive
511,Positive
512,Positive
513,Positive
514,Positive
515,Positive
516,Positive
517,Positive
518,Positive
519,Positive
520,Positive
521,Positive
522,Positive
523,Positive
524,Positive
525,Positive
526,Positive
527,Positive
528,Positive
529,Positive
530,Positive
531,Positive
532,Positive
533,Positive
534,Positive
535,Positive
536,Negative
537,Positive
538,Positive
539,Positive
540,Positive
541,Positive
542,Positive
543,Positive
544,Positive
545,Positive
546,Positive
547,Positive
548,Positive
549,Positive
550,Positive
551,Negative
552,Positive
553,Positive
554,Positive
555,Positive
556,Positive
557,Positive
558,Positive
559,Positive
560,Positive
561,Positive
562,Positive
563,Positive
564,Positive
565,Positive
566,Positive
567,Positive
568,Positive
569,Positive
570,Positive
571,Positive
572,Positive
573,Positive
574,Positive
575,Positive
576,Positive
577,Positive
578,Positive
579,Positive
580,Positive
581,Positive
582,Positive
583,Negative
584,Positive
585,Positive
586,Positive
587,Positive
588,Positive
589,Positive
590,Positive
591,Positive
592,Positive
593,Positive
594,Positive
595,Positive
596,Positive
597,Positive
598,Positive
599,Negative
600,Positive
601,Positive
602,Positive
603,Positive
604,Positive
605,Positive
606,Positive
607,Negative
608,Positive
609,Positive
610,Positive
611,Positive
612,Negative
613,Negative
614,Positive
615,Positive
616,Positive
617,Positive
618,Positive
619,Positive
620,Positive
621,Negative
622,Positive
623,Positive
624,Positive
625,Positive
626,Positive
627,Positive
628,Positive
629,Positive
630,Positive
631,Positive
632,Positive
633,Positive
634,Positive
635,Positive
636,Positive
637,Negative
638,Positive
639,Positive
640,Positive
641,Positive
642,Positive
643,Positive
644,Positive
645,Positive
646,Negative
647,Positive
648,Positive
649,Positive
650,Positive
651,Positive
652,Positive
653,Positive
654,Positive
655,Positive
656,Positive
657,Positive
658,Positive
659,Positive
660,Positive
661,Positive
662,Positive
663,Positive
664,Positive
665,Positive
666,Positive
667,Positive
668,Negative
669,Positive
670,Positive
671,Positive
672,Positive
673,Positive
674,Positive
675,Positive
676,Negative
677,Positive
678,Positive
679,Positive
680,Positive
681,Positive
682,Positive
683,Positive
684,Positive
685,Positive
686,Positive
687,Positive
688,Positive
689,Positive
690,Positive
691,Positive
692,Positive
693,Positive
694,Positive
695,Positive
696,Positive
697,Positive
698,Negative
699,Negative
700,Positive
701,Positive
702,Positive
703,Positive
704,Positive
705,Positive
706,Positive
707,Positive
708,Positive
709,Negative
710,Positive
711,Positive
712,Positive
713,Positive
714,Negative
715,Positive
716,Positive
717,Positive
718,Positive
719,Negative
720,Positive
721,Positive
722,Positive
723,Positive
724,Positive
725,Positive
726,Positive
727,Positive
728,Positive
729,Positive
730,Positive
731,Negative
732,Positive
733,Positive
734,Positive
735,Positive
736,Positive
737,Positive
738,Positive
739,Positive
740,Positive
741,Positive
742,Positive
743,Positive
744,Positive
745,Positive
746,Negative
747,Positive
748,Positive
749,Positive
750,Positive
751,Positive
752,Positive
753,Positive
754,Positive
755,Positive
756,Positive
757,Positive
758,Positive
759,Positive
760,Negative
761,Positive
762,Positive
763,Positive
764,Positive
765,Positive
766,Positive
767,Positive
768,Negative
769,Positive
770,Positive
771,Positive
772,Positive
773,Positive
774,Positive
775,Positive
776,Positive
777,Positive
778,Positive
779,Positive
780,Positive
781,Positive
782,Positive
783,Positive
784,Positive
785,Positive
786,Positive
787,Positive
788,Positive
789,Positive
790,Positive
791,Negative
792,Positive
793,Positive
794,Positive
795,Positive
796,Positive
797,Positive
798,Positive
799,Positive
800,Positive
801,Positive
802,Positive
803,Negative
804,Positive
805,Positive
806,Positive
807,Positive
808,Positive
809,Positive
810,Positive
811,Positive
812,Positive
813,Positive
814,Positive
815,Positive
816,Positive
817,Positive
818,Positive
819,Positive
820,Negative
821,Positive
822,Positive
823,Positive
824,Positive
825,Positive
826,Positive
827,Positive
828,Positive
829,Positive
830,Positive
831,Negative
832,Positive
833,Positive
834,Positive
835,Positive
836,Positive
837,Positive
838,Positive
839,Positive
840,Positive
841,Positive
842,Positive
843,Positive
844,Positive
845,Positive
846,Positive
847,Positive
848,Positive
849,Positive
850,Positive
851,Positive
852,Positive
853,Positive
854,Positive
855,Positive
856,Positive
857,Positive
858,Positive
859,Positive
860,Negative
861,Positive
862,Positive
863,Positive
864,Positive
865,Positive
866,Positive
867,Positive
868,Positive
869,Positive
870,Positive
871,Positive
872,Positive
873,Positive
874,Positive
875,Positive
876,Positive
877,Positive
878,Positive
879,Positive
880,Positive
